Model,MAE,RMSE,R2,MAPE
HistGradientBoosting_Sklearn,742716.7819598833,3523870.304900343,0.9330547718883573,4.215084673024688e+19
HistGradientBoosting_Custom,606409.4273744911,3675535.1164236204,0.9271682162349584,6.938340304391839e+19
DecisionTreeRegressor_Sklearn,897762.2458981113,4139780.819433736,0.9076079741413797,1.7939710671779925e+20
CustomRegressionTree_MSE,646875.0170457645,4619306.163163282,0.8849641278437734,9.944620090285955e+19
CustomRegressionTree_MAE,753616.8384879725,4767326.537965239,0.8774736225090985,7.931597281881027e+19
KNN,2792763.2588774343,7325713.2823836375,0.7106792195972735,6.89713643963765e+19
KNN_Custom,2974751.3745704466,9329890.323248956,0.5307191083925684,1.8254280963860824e+20
