Model,MAE,RMSE,R2,MAPE
Ridge,1.3373636415343166,1.6926171574918354,0.9608121372548818,0.02065084114960071
LinearRegression,1.3373177626837387,1.6926779930345381,0.9608093202472322,0.02064981538403832
KNN,1.9354707224147822,2.549832063208521,0.9110681644190638,0.02933142171121652
