Model,MAE,RMSE,R2,MAPE
HistGradientBoosting,606409.4273744911,3675535.1164236204,0.9271682162349584,6.938340304391839e+19
CustomRegressionTree_MSE,647368.3679674141,4795113.56622969,0.8760411357228602,3.965798640940514e+19
CustomRegressionTree_MAE,683715.6357388316,5201714.447538285,0.8541277072776887,0.0404594853404046
LinearRegression,3570023.0005558487,6890358.648863062,0.7440450991089134,1.3774238122257089e+20
Ridge,3567725.7649547546,6891461.911957734,0.7439631271194124,1.3593766179543967e+20
