Model,MAE,RMSE,R2,MAPE
CustomRegressionTree_MAE,0.5597079037800687,1.097971419078567,0.9835101702744576,0.008645011139774393
CustomRegressionTree_MSE,0.7147453772762691,1.3225145437373902,0.9760759327836985,0.011184662187504423
LinearRegression,1.3373177627040231,1.6926779930385338,0.9608093202470472,0.020649815383886844
Ridge,1.3375114507141699,1.6929983870280048,0.9607944826386593,0.020652737824311145
