{
    "timestamp": "20260119_173613",
    "pipeline_info": {
        "task_type": "regression",
        "target_column": "Overall",
        "random_state": 42
    },
    "data_preparation": {
        "raw_data_path": "sofifa_players.csv",
        "missing_threshold": 0.5,
        "scaling_method": "standard",
        "encoding_method": "onehot"
    },
    "training_results": {
        "train_samples": 4070,
        "val_samples": 582,
        "test_samples": 1164,
        "n_features": 68,
        "models_trained": [
            "LinearRegression",
            "Ridge",
            "DecisionTreeRegressor",
            "RandomForestRegressor"
        ],
        "best_model": "RandomForestRegressor",
        "best_score": 0.9910927439376439
    },
    "test_results": {
        "model": {
            "RandomForestRegressor": "RandomForestRegressor",
            "DecisionTreeRegressor": "DecisionTreeRegressor",
            "Ridge": "Ridge",
            "LinearRegression": "LinearRegression"
        },
        "MAE": {
            "RandomForestRegressor": 0.5084473607117966,
            "DecisionTreeRegressor": 0.6784535918190716,
            "Ridge": 1.3373636415343162,
            "LinearRegression": 1.3373177626837383
        },
        "MSE": {
            "RandomForestRegressor": 0.8062518000863812,
            "DecisionTreeRegressor": 1.4209627423883584,
            "Ridge": 2.8649528418357413,
            "LinearRegression": 2.86515878810343
        },
        "RMSE": {
            "RandomForestRegressor": 0.8979152521738236,
            "DecisionTreeRegressor": 1.1920414180674925,
            "Ridge": 1.6926171574918356,
            "LinearRegression": 1.6926779930345377
        },
        "R2": {
            "RandomForestRegressor": 0.9889717958290913,
            "DecisionTreeRegressor": 0.9805635568929779,
            "Ridge": 0.9608121372548818,
            "LinearRegression": 0.9608093202472323
        },
        "MAPE": {
            "RandomForestRegressor": 0.007878833430391056,
            "DecisionTreeRegressor": 0.010564621873717034,
            "Ridge": 0.020650841149600706,
            "LinearRegression": 0.020649815384038317
        }
    }
}