{
    "timestamp": "20260119_182921",
    "pipeline_info": {
        "task_type": "regression",
        "target_column": "Overall",
        "random_state": 42
    },
    "data_preparation": {
        "raw_data_path": "sofifa_players.csv",
        "missing_threshold": 0.5,
        "scaling_method": null,
        "encoding_method": "onehot"
    },
    "training_results": {
        "train_samples": 4070,
        "val_samples": 582,
        "test_samples": 1164,
        "n_features": 68,
        "models_trained": [
            "LinearRegression",
            "Ridge",
            "CustomRegressionTree_MSE",
            "CustomRegressionTree_MAE"
        ],
        "best_model": "CustomRegressionTree_MAE",
        "best_score": 0.9782239347493881
    },
    "test_results": {
        "model": {
            "CustomRegressionTree_MAE": "CustomRegressionTree_MAE",
            "CustomRegressionTree_MSE": "CustomRegressionTree_MSE",
            "LinearRegression": "LinearRegression",
            "Ridge": "Ridge"
        },
        "MAE": {
            "CustomRegressionTree_MAE": 0.5597079037800687,
            "CustomRegressionTree_MSE": 0.7147453772762691,
            "LinearRegression": 1.3373177627040231,
            "Ridge": 1.3375114507141699
        },
        "MSE": {
            "CustomRegressionTree_MAE": 1.205541237113402,
            "CustomRegressionTree_MSE": 1.7490447183969176,
            "LinearRegression": 2.8651587881169585,
            "Ridge": 2.866243538479426
        },
        "RMSE": {
            "CustomRegressionTree_MAE": 1.097971419078567,
            "CustomRegressionTree_MSE": 1.3225145437373902,
            "LinearRegression": 1.6926779930385338,
            "Ridge": 1.6929983870280048
        },
        "R2": {
            "CustomRegressionTree_MAE": 0.9835101702744576,
            "CustomRegressionTree_MSE": 0.9760759327836985,
            "LinearRegression": 0.9608093202470472,
            "Ridge": 0.9607944826386593
        },
        "MAPE": {
            "CustomRegressionTree_MAE": 0.008645011139774393,
            "CustomRegressionTree_MSE": 0.011184662187504423,
            "LinearRegression": 0.020649815383886844,
            "Ridge": 0.020652737824311145
        }
    }
}